name,purpose
 Huang and Sons, Down-sized object-oriented complexity for strategize visionary action-items
 Moore-Taylor, Inverse contextually-based Graphical User Interface for transform innovative e-markets
 Baker-Nunez, Persevering contextually-based hardware for utilize transparent vortals
 Carlson-Brady, Diverse client-server paradigm for scale integrated experiences
 Joyce Ltd, Team-oriented national attitude for implement extensible mindshare
" Alvarez, White and Adams", Streamlined 4thgeneration interface for visualize visionary platforms
 Calderon-Carr, Universal real-time system engine for enable transparent e-services
 Hardin Inc, Re-contextualized asymmetric system engine for deliver intuitive mindshare
" Cherry, Smith and Rodriguez", Switchable mobile attitude for engineer dot-com solutions
 Collins LLC, Configurable needs-based ability for aggregate proactive action-items
" Gomez, Conner and Wright", Seamless web-enabled interface for synthesize enterprise architectures
" Steele, Gay and Green", Triple-buffered full-range help-desk for iterate B2C relationships
" Freeman, Barker and Allen", Public-key optimizing matrix for mesh rich relationships
 Rowland LLC, Operative global protocol for transition magnetic initiatives
 Liu-Clark, Cloned motivating benchmark for synthesize global niches
 Diaz-Woods, Distributed intermediate functionalities for deploy web-enabled methodologies
 Short-Fox, Expanded bandwidth-monitored emulation for morph integrated convergence
 Jensen-Downs, Quality-focused analyzing moratorium for cultivate wireless info-mediaries
" Kirby, Frederick and Hill", Multi-lateral coherent protocol for e-enable value-added methodologies
" Harrington, Payne and Fox", Future-proofed systemic strategy for innovate clicks-and-mortar infrastructures
" Welch, Fleming and Shaw", Upgradable multi-tasking firmware for benchmark 24/7 initiatives
 Glover Group, Optimized regional strategy for utilize synergistic platforms
 Lin Group, Synergized logistical system engine for disintermediate 24/7 web-readiness
 White-Stewart, Customer-focused logistical product for enable robust synergies
" Vazquez, George and Hamilton", Mandatory multimedia portal for exploit granular metrics
 Watson Group, Reactive neutral policy for target 24/365 info-mediaries
" Reid, Moreno and Prince", Synergized discrete core for leverage distributed models
 Miller-Gonzalez, Quality-focused high-level help-desk for repurpose world-class vortals
 White-Carlson, Implemented user-facing product for matrix seamless e-markets
" Graham, Werner and Pena", Exclusive client-driven model for disintermediate B2C supply-chains
" Williams, Jones and Roberts", Synchronized tangible adapter for reinvent 24/7 infrastructures
 Odonnell LLC, Organic actuating attitude for maximize B2C communities
" Bright, George and Fisher", Intuitive multimedia definition for morph end-to-end models
 Henderson-Jackson, Implemented asynchronous matrix for seize 24/365 web-readiness
" Parker, Moore and Howard", Adaptive intangible strategy for strategize e-business applications
 Ayala PLC, Seamless zero tolerance firmware for productize frictionless web-readiness
" Carpenter, Smith and Tanner", Programmable mobile structure for transform robust partnerships
" Gonzalez, Carson and Larson", Ameliorated discrete info-mediaries for reinvent holistic web services
" Arnold, Mills and Adams", Self-enabling heuristic policy for envisioneer innovative niches
" Johnson, Johnston and Byrd", Total 24hour initiative for evolve plug-and-play niches
 Reeves-Ruiz, Reactive secondary conglomeration for target magnetic e-commerce
 Lewis-Carey, Focused client-driven success for utilize robust supply-chains
 Wilson PLC, Open-architected client-driven toolset for leverage back-end e-tailers
" Christensen, Clark and Sawyer", Distributed user-facing standardization for streamline end-to-end platforms
 Jones Group, Customer-focused fresh-thinking budgetary management for extend B2C metrics
 Jones and Sons, Organized logistical monitoring for e-enable enterprise architectures
 Diaz-Collins, Business-focused interactive firmware for architect sticky platforms
 Mosley-Nelson, Quality-focused multimedia installation for synergize synergistic networks
 Williams-Short, Open-architected system-worthy process improvement for repurpose proactive supply-chains
" Porter, Dawson and Kennedy", Assimilated client-server attitude for strategize visionary schemas
